ticker,name,sector,industry,market_cap,avg_volume_usd,cap_tier,is_crypto,source
AOS,A. O. Smith,Industrials,Building Products,8024382464.0,116014994.0,mid,False,sp500
AES,AES Corporation,Utilities,Independent Power Producers & Energy Traders,10426364928.0,120558566.8,large,False,sp500
A,Agilent Technologies,Health Care,Life Sciences Tools & Services,35885801472.0,295292522.4,large,False,sp500
AKAM,Akamai Technologies,Information Technology,Internet Services & Infrastructure,18160097280.0,493405741.9,large,False,sp500
ALB,Albemarle Corporation,Materials,Specialty Chemicals,18910822400.0,424804030.5,large,False,sp500
ARE,Alexandria Real Estate Equities,Real Estate,Office REITs,8892971008.0,109899228.60000001,mid,False,sp500
ALGN,Align Technology,Health Care,Health Care Supplies,13040229376.0,178968252.8,large,False,sp500
ALLE,Allegion,Industrials,Building Products,11478454272.0,151338817.1,large,False,sp500
LNT,Alliant Energy,Utilities,Electric Utilities,18854223872.0,195183020.0,large,False,sp500
AMCR,Amcor,Materials,Paper & Plastic Packaging Products & Materials,18993162240.0,151022814.79999998,large,False,sp500
AEE,Ameren,Utilities,Multi-Utilities,30074597376.0,173492741.7,large,False,sp500
AIG,American International Group,Financials,Multi-line Insurance,39245860864.0,317115743.8,large,False,sp500
AWK,American Water Works,Utilities,Water Utilities,24423735296.0,308152468.8,large,False,sp500
AMP,Ameriprise Financial,Financials,Asset Management & Custody Banks,42020593664.0,287226386.4,large,False,sp500
APA,APA Corporation,Energy,Oil & Gas Exploration & Production,11675121664.0,199576178.1,large,False,sp500
APTV,Aptiv,Consumer Discretionary,Automotive Parts & Equipment,13475995648.0,213266867.2,large,False,sp500
ACGL,Arch Capital Group,Financials,Property & Casualty Insurance,31857344512.0,233992498.60000002,large,False,sp500
ADM,Archer Daniels Midland,Consumer Staples,Agricultural Products & Services,36194934784.0,275507354.0,large,False,sp500
ARES,Ares Management,Financials,Asset Management & Custody Banks,42662363136.0,290422622.8,large,False,sp500
AIZ,Assurant,Financials,Multi-line Insurance,12875448320.0,121011604.80000001,large,False,sp500
ATO,Atmos Energy,Utilities,Gas Utilities,28394731520.0,285235344.70000005,large,False,sp500
ADSK,Autodesk,Information Technology,Application Software,40924172288.0,714761643.1999999,large,False,sp500
AVB,AvalonBay Communities,Real Estate,Multi-Family Residential REITs,25156755456.0,233590728.79999998,large,False,sp500
AVY,Avery Dennison,Materials,Paper & Plastic Packaging Products & Materials,12137493504.0,133288026.4,large,False,sp500
AXON,Axon Enterprise,Industrials,Aerospace & Defense,34126919680.0,443858688.0,large,False,sp500
BALL,Ball Corporation,Materials,"Metal, Glass & Plastic Containers",15367748608.0,177845132.4,large,False,sp500
BAX,Baxter International,Health Care,Health Care Equipment,10272568320.0,151974915.3,large,False,sp500
BDX,Becton Dickinson,Health Care,Health Care Equipment,39672307712.0,345492968.2,large,False,sp500
BBY,Best Buy,Consumer Discretionary,Computer & Electronics Retail,15750627328.0,293508053.40000004,large,False,sp500
TECH,Bio-Techne,Health Care,Life Sciences Tools & Services,9071593472.0,172438131.0,mid,False,sp500
BIIB,Biogen,Health Care,Biotechnology,29022504960.0,207069508.8,large,False,sp500
XYZ,"Block, Inc.",Financials,Transaction & Payment Processing Services,44507635712.0,454808221.0,large,False,sp500
BR,Broadridge Financial Solutions,Industrials,Data Processing & Outsourced Services,15914582016.0,192487264.0,large,False,sp500
BRO,Brown & Brown,Financials,Insurance Brokers,20031817728.0,181134999.0,large,False,sp500
BF-B,Brown–Forman,Consumer Staples,Distillers & Vintners,12224143360.0,84409639.2,large,False,sp500
BLDR,Builders FirstSource,Industrials,Building Products,8668250112.0,201443569.9,mid,False,sp500
BG,Bunge Global,Consumer Staples,Agricultural Products & Services,21842558976.0,194921012.0,large,False,sp500
BXP,"BXP, Inc.",Real Estate,Office REITs,11536748544.0,114737686.0,large,False,sp500
CHRW,C.H. Robinson,Industrials,Air Freight & Logistics,21811226624.0,221052484.79999998,large,False,sp500
CPT,Camden Property Trust,Real Estate,Multi-Family Residential REITs,10799883264.0,168674013.9,large,False,sp500
CCL,Carnival Corporation,Consumer Discretionary,"Hotels, Resorts & Cruise Lines",42759258112.0,817380799.2,large,False,sp500
CASY,Casey's,Consumer Staples,Food Retail,31219623936.0,635460780.0,large,False,sp500
CBOE,Cboe Global Markets,Financials,Financial Exchanges & Data,26069258240.0,504860934.0,large,False,sp500
CBRE,CBRE Group,Real Estate,Real Estate Services,38520020992.0,280077843.0,large,False,sp500
CDW,CDW Corporation,Information Technology,Technology Distributors,16399709184.0,262209845.70000002,large,False,sp500
CNC,Centene Corporation,Health Care,Managed Health Care,30131492864.0,387982855.8,large,False,sp500
CNP,CenterPoint Energy,Utilities,Multi-Utilities,28011536384.0,210162701.0,large,False,sp500
CF,CF Industries,Materials,Fertilizers & Agricultural Chemicals,15813061632.0,328173777.6,large,False,sp500
CRL,Charles River Laboratories,Health Care,Life Sciences Tools & Services,8911029248.0,137430950.0,mid,False,sp500
CHTR,Charter Communications,Communication Services,Cable & Satellite,19777511424.0,530150852.40000004,large,False,sp500
CMG,Chipotle Mexican Grill,Consumer Discretionary,Restaurants,41676029952.0,699639660.0,large,False,sp500
CHD,Church & Dwight,Consumer Staples,Household Products,22658916352.0,204309669.79999998,large,False,sp500
CINF,Cincinnati Financial,Financials,Property & Casualty Insurance,26327681024.0,161402362.0,large,False,sp500
CFG,Citizens Financial Group,Financials,Regional Banks,28366921728.0,323445673.2,large,False,sp500
CLX,Clorox,Consumer Staples,Household Products,11584266240.0,262469008.0,large,False,sp500
CMS,CMS Energy,Utilities,Multi-Utilities,22668521472.0,275614546.2,large,False,sp500
CTSH,Cognizant,Information Technology,IT Consulting & Other Services,20670099456.0,628544092.0,large,False,sp500
COIN,Coinbase,Financials,Financial Exchanges & Data,43012603904.0,1430725744.8,large,False,sp500
CAG,Conagra Brands,Consumer Staples,Packaged Foods & Meats,6315370496.0,219075252.0,mid,False,sp500
ED,Consolidated Edison,Utilities,Multi-Utilities,39196819456.0,265939353.2,large,False,sp500
STZ,Constellation Brands,Consumer Staples,Distillers & Vintners,24314677248.0,324584114.40000004,large,False,sp500
COO,Cooper Companies (The),Health Care,Health Care Supplies,12854469632.0,274661470.2,large,False,sp500
CPRT,Copart,Industrials,Diversified Support Services,29120813056.0,387501441.2,large,False,sp500
CPAY,Corpay,Financials,Transaction & Payment Processing Services,22568163328.0,231727766.39999998,large,False,sp500
CSGP,CoStar Group,Real Estate,Real Estate Services,12299674624.0,234714316.8,large,False,sp500
CCI,Crown Castle,Real Estate,Telecom Tower REITs,35810885632.0,393070371.0,large,False,sp500
DRI,Darden Restaurants,Consumer Discretionary,Restaurants,24447496192.0,250726908.0,large,False,sp500
DVA,DaVita,Health Care,Health Care Services,13344703488.0,166506802.6,large,False,sp500
DECK,Deckers Brands,Consumer Discretionary,Footwear,15153301504.0,201501074.7,large,False,sp500
DVN,Devon Energy,Energy,Oil & Gas Exploration & Production,48581337088.0,742441658.4,large,False,sp500
DXCM,Dexcom,Health Care,Health Care Equipment,27964215296.0,403828929.2,large,False,sp500
DG,Dollar General,Consumer Staples,Consumer Staples Merchandise Retail,25025554432.0,399691157.0,large,False,sp500
DLTR,Dollar Tree,Consumer Staples,Consumer Staples Merchandise Retail,21456293888.0,269503003.0,large,False,sp500
DPZ,Domino's,Consumer Discretionary,Restaurants,10393336832.0,293637433.1,large,False,sp500
DOV,Dover Corporation,Industrials,Industrial Machinery & Supplies & Components,30106251264.0,242627106.79999998,large,False,sp500
DOW,Dow Inc.,Materials,Commodity Chemicals,22869125120.0,395360242.2,large,False,sp500
DHI,D. R. Horton,Consumer Discretionary,Homebuilding,44751699968.0,371727767.4,large,False,sp500
DTE,DTE Energy,Utilities,Multi-Utilities,30696658944.0,223363047.6,large,False,sp500
DD,DuPont,Materials,Specialty Chemicals,19325327360.0,179284160.9,large,False,sp500
EBAY,eBay Inc.,Consumer Discretionary,Broadline Retail,48058560512.0,423710892.0,large,False,sp500
SATS,EchoStar,Communication Services,Wireless Telecommunication Services,31638939648.0,1972716092.1000001,large,False,sp500
EIX,Edison International,Utilities,Electric Utilities,27662837760.0,172765329.1,large,False,sp500
EME,Emcor,Industrials,Construction & Engineering,37255503872.0,353057711.8,large,False,sp500
EQT,EQT Corporation,Energy,Oil & Gas Exploration & Production,31724244992.0,371818176.0,large,False,sp500
EFX,Equifax,Industrials,Research & Consulting Services,18569283584.0,330567753.6,large,False,sp500
EQR,Equity Residential,Real Estate,Multi-Family Residential REITs,24762836992.0,218293744.5,large,False,sp500
ERIE,Erie Indemnity,Financials,Insurance Brokers,11563381760.0,50848931.599999994,large,False,sp500
ESS,Essex Property Trust,Real Estate,Multi-Family Residential REITs,18865786880.0,135757422.89999998,large,False,sp500
EL,Estée Lauder Companies (The),Consumer Staples,Personal Care Products,30683826176.0,313300861.5,large,False,sp500
EG,Everest Group,Financials,Reinsurance,13281416192.0,175769431.0,large,False,sp500
EVRG,Evergy,Utilities,Electric Utilities,19017324544.0,163679175.0,large,False,sp500
ES,Eversource Energy,Utilities,Electric Utilities,26171408384.0,229423616.10000002,large,False,sp500
EXC,Exelon,Utilities,Electric Utilities,46873165824.0,374043689.1,large,False,sp500
EXE,Expand Energy,Energy,Oil & Gas Exploration & Production,20808126464.0,328541725.8,large,False,sp500
EXPE,Expedia Group,Consumer Discretionary,"Hotels, Resorts & Cruise Lines",28913317888.0,396584034.0,large,False,sp500
EXPD,Expeditors International,Industrials,Air Freight & Logistics,21099227136.0,260873798.39999998,large,False,sp500
EXR,Extra Space Storage,Real Estate,Self-Storage REITs,32073447424.0,205560565.20000002,large,False,sp500
FFIV,"F5, Inc.",Information Technology,Communications Equipment,21749055488.0,223075353.20000002,large,False,sp500
FDS,FactSet,Financials,Financial Exchanges & Data,8061843968.0,209464262.4,mid,False,sp500
FICO,Fair Isaac,Information Technology,Application Software,25428363264.0,385675875.2,large,False,sp500
FRT,Federal Realty Investment Trust,Real Estate,Retail REITs,10464106496.0,147232154.4,large,False,sp500
FDXF,FedEx Freight,Industrials,Cargo Ground Transportation,24249368576.0,365121099.5,large,False,sp500
FIS,Fidelity National Information Services,Financials,Transaction & Payment Processing Services,19749951488.0,265931283.3,large,False,sp500
FITB,Fifth Third Bancorp,Financials,Regional Banks,47798874112.0,417572114.40000004,large,False,sp500
FSLR,First Solar,Information Technology,Semiconductors,27690731520.0,651184707.0,large,False,sp500
FE,FirstEnergy,Utilities,Electric Utilities,26868127744.0,221943209.5,large,False,sp500
FISV,Fiserv,Financials,Transaction & Payment Processing Services,25521534976.0,493530884.2,large,False,sp500
FTV,Fortive,Industrials,Industrial Machinery & Supplies & Components,18605668352.0,198606877.5,large,False,sp500
FOXA,Fox Corporation (Class A),Communication Services,Broadcasting,21931409408.0,598067971.8,large,False,sp500
FOX,Fox Corporation (Class B),Communication Services,Broadcasting,19714334720.0,156802671.0,large,False,sp500
BEN,Franklin Resources,Financials,Asset Management & Custody Banks,17174007808.0,151732550.0,large,False,sp500
GRMN,Garmin,Consumer Discretionary,Consumer Electronics,45166923776.0,189877650.0,large,False,sp500
IT,Gartner,Information Technology,IT Consulting & Other Services,8535695872.0,199163603.1,mid,False,sp500
GEHC,GE HealthCare,Health Care,Health Care Equipment,28016785408.0,282680854.8,large,False,sp500
GEN,Gen Digital,Information Technology,Systems Software,14566850560.0,171809055.6,large,False,sp500
GNRC,Generac,Industrials,Electrical Components & Equipment,16433191936.0,258110464.49999997,large,False,sp500
GIS,General Mills,Consumer Staples,Packaged Foods & Meats,17835624448.0,322122012.0,large,False,sp500
GPC,Genuine Parts Company,Consumer Discretionary,Distributors,15122573312.0,212261751.0,large,False,sp500
GPN,Global Payments,Financials,Transaction & Payment Processing Services,18294589440.0,289388422.4,large,False,sp500
GL,Globe Life,Financials,Life & Health Insurance,13258618880.0,111661671.6,large,False,sp500
GDDY,GoDaddy,Information Technology,Internet Services & Infrastructure,10200854528.0,213681996.00000003,large,False,sp500
HAL,Halliburton,Energy,Oil & Gas Equipment & Services,29180444672.0,464229829.7,large,False,sp500
HIG,Hartford (The),Financials,Property & Casualty Insurance,35157278720.0,235820970.0,large,False,sp500
HAS,Hasbro,Consumer Discretionary,Leisure Products,11989920768.0,166803910.79999998,large,False,sp500
DOC,Healthpeak Properties,Real Estate,Health Care REITs,13485048832.0,139495074.0,large,False,sp500
HSIC,Henry Schein,Health Care,Health Care Distributors,9104227328.0,111965522.4,mid,False,sp500
HSY,Hershey Company (The),Consumer Staples,Packaged Foods & Meats,35016851456.0,448473750.7,large,False,sp500
HRL,Hormel Foods,Consumer Staples,Packaged Foods & Meats,13294866432.0,97708355.2,large,False,sp500
HST,Host Hotels & Resorts,Real Estate,Hotel & Resort REITs,17351094272.0,280646963.90000004,large,False,sp500
HPQ,HP Inc.,Information Technology,"Technology Hardware, Storage & Peripherals",21491283968.0,419159865.0,large,False,sp500
HUBB,Hubbell Incorporated,Industrials,Industrial Machinery & Supplies & Components,27672709120.0,386453369.67,large,False,sp500
HUM,Humana,Health Care,Managed Health Care,43300179968.0,569992899.0,large,False,sp500
HBAN,Huntington Bancshares,Financials,Regional Banks,34177423360.0,424517940.0,large,False,sp500
HII,Huntington Ingalls Industries,Industrials,Aerospace & Defense,11247091712.0,140117587.0,large,False,sp500
IEX,IDEX Corporation,Industrials,Industrial Machinery & Supplies & Components,16648206336.0,177085139.70000002,large,False,sp500
IDXX,Idexx Laboratories,Health Care,Health Care Equipment,44339347456.0,332656103.8,large,False,sp500
INCY,Incyte,Health Care,Biotechnology,19622604800.0,241056435.0,large,False,sp500
IR,Ingersoll Rand,Industrials,Industrial Machinery & Supplies & Components,30489053184.0,367147758.59999996,large,False,sp500
PODD,Insulet Corporation,Health Care,Health Care Equipment,10096018432.0,234068696.0,large,False,sp500
IFF,International Flavors & Fragrances,Materials,Specialty Chemicals,19586883584.0,144613364.0,large,False,sp500
IP,International Paper,Materials,Paper & Plastic Packaging Products & Materials,19496814592.0,262679771.2,large,False,sp500
IVZ,Invesco,Financials,Asset Management & Custody Banks,12474366976.0,156816903.6,large,False,sp500
INVH,Invitation Homes,Real Estate,Single-Family Residential REITs,16876732416.0,202978938.3,large,False,sp500
IQV,IQVIA,Health Care,Life Sciences Tools & Services,28000813056.0,270913318.3,large,False,sp500
IRM,Iron Mountain,Real Estate,Other Specialized REITs,38032580608.0,177263139.3,large,False,sp500
JBHT,J.B. Hunt,Industrials,Cargo Ground Transportation,25575829504.0,314558243.8,large,False,sp500
JBL,Jabil,Information Technology,Electronic Manufacturing Services,39234318336.0,541922130.0,large,False,sp500
JKHY,Jack Henry & Associates,Financials,Transaction & Payment Processing Services,8968740864.0,252116654.4,mid,False,sp500
J,Jacobs Solutions,Industrials,Construction & Engineering,14284243968.0,192977392.5,large,False,sp500
KVUE,Kenvue,Consumer Staples,Personal Care Products,34790559744.0,322225060.8,large,False,sp500
KDP,Keurig Dr Pepper,Consumer Staples,Soft Drinks & Non-alcoholic Beverages,41850810368.0,472654161.20000005,large,False,sp500
KEY,KeyCorp,Financials,Regional Banks,24382939136.0,315761212.8,large,False,sp500
KMB,Kimberly-Clark,Consumer Staples,Household Products,34043801600.0,455556136.0,large,False,sp500
KIM,Kimco Realty,Real Estate,Retail REITs,16441621504.0,189661528.2,large,False,sp500
KHC,Kraft Heinz,Consumer Staples,Packaged Foods & Meats,27059445760.0,300102397.0,large,False,sp500
KR,Kroger,Consumer Staples,Food Retail,34701930496.0,569807955.0,large,False,sp500
LH,Labcorp,Health Care,Health Care Services,20977240064.0,154947615.79999998,large,False,sp500
LVS,Las Vegas Sands,Consumer Discretionary,Casinos & Gaming,32283691008.0,225873228.0,large,False,sp500
LDOS,Leidos,Industrials,Diversified Support Services,13474139136.0,217052971.20000002,large,False,sp500
LEN,Lennar,Consumer Discretionary,Homebuilding,22100346880.0,327079309.5,large,False,sp500
LII,Lennox International,Industrials,Building Products,18528546816.0,172768210.7,large,False,sp500
LYV,Live Nation Entertainment,Communication Services,Movies & Entertainment,39849742336.0,453143850.0,large,False,sp500
L,Loews Corporation,Financials,Multi-line Insurance,22074886144.0,97242883.2,large,False,sp500
LULU,Lululemon Athletica,Consumer Discretionary,"Apparel, Accessories & Luxury Goods",12691920896.0,582548593.1,large,False,sp500
LYB,LyondellBasell,Materials,Specialty Chemicals,19389681664.0,345129782.2,large,False,sp500
MTB,M&T Bank,Financials,Regional Banks,32967710720.0,300713044.8,large,False,sp500
MLM,Martin Marietta Materials,Materials,Construction Materials,36575158272.0,360927964.8,large,False,sp500
MAS,Masco,Industrials,Building Products,15005006848.0,182464553.2,large,False,sp500
MKC,McCormick & Company,Consumer Staples,Packaged Foods & Meats,12538846208.0,227089693.6,large,False,sp500
MTD,Mettler Toledo,Health Care,Life Sciences Tools & Services,23134468096.0,220587771.2,large,False,sp500
MGM,MGM Resorts,Consumer Discretionary,Casinos & Gaming,11984071680.0,174102874.8,large,False,sp500
MAA,Mid-America Apartment Communities,Real Estate,Multi-Family Residential REITs,15810780160.0,150274875.0,large,False,sp500
MRNA,Moderna,Health Care,Biotechnology,25378449408.0,553713872.4,large,False,sp500
TAP,Molson Coors Beverage Company,Consumer Staples,Brewers,7389523968.0,137309394.0,mid,False,sp500
MOS,Mosaic Company (The),Materials,Fertilizers & Agricultural Chemicals,7278688256.0,278393468.0,mid,False,sp500
MSCI,MSCI Inc.,Financials,Financial Exchanges & Data,42268549120.0,299173364.40000004,large,False,sp500
NDAQ,"Nasdaq, Inc.",Financials,Financial Exchanges & Data,46510075904.0,341498310.4,large,False,sp500
NTAP,NetApp,Information Technology,"Technology Hardware, Storage & Peripherals",31290372096.0,510436354.20000005,large,False,sp500
NWSA,News Corp (Class A),Communication Services,Publishing,13755429888.0,191965702.4,large,False,sp500
NWS,News Corp (Class B),Communication Services,Publishing,15643536384.0,66035587.5,large,False,sp500
NI,NiSource,Utilities,Multi-Utilities,22658297856.0,170358122.0,large,False,sp500
NDSN,Nordson Corporation,Industrials,Industrial Machinery & Supplies & Components,16488055808.0,150682464.0,large,False,sp500
NTRS,Northern Trust,Financials,Asset Management & Custody Banks,31848484864.0,215436971.4,large,False,sp500
NCLH,Norwegian Cruise Line Holdings,Consumer Discretionary,"Hotels, Resorts & Cruise Lines",9384211456.0,406109482.8,mid,False,sp500
NRG,NRG Energy,Utilities,Independent Power Producers & Energy Traders,28495831040.0,310470525.6,large,False,sp500
NVR,"NVR, Inc.",Consumer Discretionary,Homebuilding,17520916480.0,200504827.70000002,large,False,sp500
ODFL,Old Dominion,Industrials,Cargo Ground Transportation,45969309696.0,500907585.59999996,large,False,sp500
OMC,Omnicom Group,Communication Services,Advertising,20335192064.0,391521708.99999994,large,False,sp500
ON,ON Semiconductor,Information Technology,Semiconductors,47286247424.0,1630442584.8,large,False,sp500
OTIS,Otis Worldwide,Industrials,Industrial Machinery & Supplies & Components,28114874368.0,308881408.2,large,False,sp500
PKG,Packaging Corporation of America,Materials,Paper & Plastic Packaging Products & Materials,20405372928.0,167450263.20000002,large,False,sp500
PSKY,Paramount Skydance Corporation,Communication Services,Movies & Entertainment,11124580352.0,104847815.8,large,False,sp500
PAYX,Paychex,Industrials,Human Resource & Employment Services,35198496768.0,349170502.4,large,False,sp500
PYPL,PayPal,Financials,Transaction & Payment Processing Services,37498302464.0,800886699.5999999,large,False,sp500
PNR,Pentair,Industrials,Industrial Machinery & Supplies & Components,12010523648.0,147273255.2,large,False,sp500
PCG,PG&E Corporation,Utilities,Multi-Utilities,36292661248.0,290634193.6,large,False,sp500
PNW,Pinnacle West Capital,Utilities,Multi-Utilities,12399870976.0,133270776.8,large,False,sp500
PPG,PPG Industries,Materials,Specialty Chemicals,26357925888.0,236269412.5,large,False,sp500
PPL,PPL Corporation,Utilities,Electric Utilities,26618155008.0,383299490.20000005,large,False,sp500
PFG,Principal Financial Group,Financials,Life & Health Insurance,23668475904.0,144555701.0,large,False,sp500
PRU,Prudential Financial,Financials,Life & Health Insurance,37000544256.0,219842765.1,large,False,sp500
PEG,Public Service Enterprise Group,Utilities,Electric Utilities,39810895872.0,230099976.9,large,False,sp500
PTC,PTC Inc.,Information Technology,Application Software,13254289408.0,291595815.0,large,False,sp500
PHM,PulteGroup,Consumer Discretionary,Homebuilding,24184147968.0,229824261.6,large,False,sp500
DGX,Quest Diagnostics,Health Care,Health Care Services,21585803264.0,179912850.0,large,False,sp500
Q,Qnity Electronics,Information Technology,Semiconductor Materials & Equipment,35374137344.0,348144424.59999996,large,False,sp500
RL,Ralph Lauren Corporation,Consumer Discretionary,"Apparel, Accessories & Luxury Goods",24580845568.0,332208723.59999996,large,False,sp500
RJF,Raymond James Financial,Financials,Investment Banking & Brokerage,30374471680.0,223470509.4,large,False,sp500
REG,Regency Centers,Real Estate,Retail REITs,14371560448.0,140068440.79999998,large,False,sp500
RF,Regions Financial Corporation,Financials,Regional Banks,24423723008.0,344845814.40000004,large,False,sp500
RMD,ResMed,Health Care,Health Care Equipment,27361986560.0,286038532.0,large,False,sp500
RVTY,Revvity,Health Care,Health Care Equipment,11155977216.0,124949000.0,large,False,sp500
ROL,"Rollins, Inc.",Industrials,Environmental & Facilities Services,21646604288.0,193103649.6,large,False,sp500
ROP,Roper Technologies,Information Technology,Electronic Equipment & Instruments,33328463872.0,442059527.7,large,False,sp500
SBAC,SBA Communications,Real Estate,Telecom Tower REITs,19819995136.0,198601698.6,large,False,sp500
SWKS,Skyworks Solutions,Information Technology,Semiconductors,10896912384.0,381770928.0,large,False,sp500
SJM,J.M. Smucker Company (The),Consumer Staples,Packaged Foods & Meats,11824564224.0,231459051.0,large,False,sp500
SW,Smurfit Westrock,Materials,Paper & Plastic Packaging Products & Materials,23181312000.0,291000424.0,large,False,sp500
SNA,Snap-on,Industrials,Industrial Machinery & Supplies & Components,20060291072.0,138186290.0,large,False,sp500
SOLV,Solventum,Health Care,Health Care Technology,13062568960.0,120668388.20000002,large,False,sp500
LUV,Southwest Airlines,Industrials,Passenger Airlines,23446476800.0,339024617.09999996,large,False,sp500
SWK,Stanley Black & Decker,Industrials,Industrial Machinery & Supplies & Components,13485770752.0,149845010.0,large,False,sp500
STT,State Street Corporation,Financials,Asset Management & Custody Banks,46582661120.0,451328314.3,large,False,sp500
STLD,Steel Dynamics,Materials,Steel,36040216576.0,361432337.5,large,False,sp500
STE,Steris,Health Care,Health Care Equipment,19745900544.0,183157413.9,large,False,sp500
SMCI,Supermicro,Information Technology,"Technology Hardware, Storage & Peripherals",19833126912.0,2752249781.4,large,False,sp500
SYF,Synchrony Financial,Financials,Consumer Finance,25315225600.0,273570852.6,large,False,sp500
SYY,Sysco,Consumer Staples,Food Distributors,37632966656.0,277225472.0,large,False,sp500
TROW,T. Rowe Price,Financials,Asset Management & Custody Banks,23065800704.0,244937121.5,large,False,sp500
TTWO,Take-Two Interactive,Communication Services,Interactive Home Entertainment,44426317824.0,637432348.8,large,False,sp500
TPR,"Tapestry, Inc.",Consumer Discretionary,"Apparel, Accessories & Luxury Goods",28993417216.0,431848900.0,large,False,sp500
TDY,Teledyne Technologies,Information Technology,Electronic Equipment & Instruments,28704606208.0,197924831.0,large,False,sp500
TPL,Texas Pacific Land Corporation,Energy,Oil & Gas Exploration & Production,24493508608.0,151905404.70000002,large,False,sp500
TXT,Textron,Industrials,Aerospace & Defense,15557847040.0,140338168.5,large,False,sp500
TKO,TKO Group Holdings,Communication Services,Movies & Entertainment,37992083456.0,382144611.0,large,False,sp500
TTD,Trade Desk (The),Communication Services,Advertising,8701705216.0,449450194.8,mid,False,sp500
TSCO,Tractor Supply,Consumer Discretionary,Other Specialty Retail,15859355648.0,392272070.4,large,False,sp500
TRMB,Trimble Inc.,Information Technology,Application Software,11459762176.0,184242831.2,large,False,sp500
TYL,Tyler Technologies,Information Technology,Application Software,11474512896.0,297847989.0,large,False,sp500
TSN,Tyson Foods,Consumer Staples,Packaged Foods & Meats,19529097216.0,224020132.6,large,False,sp500
UDR,"UDR, Inc.",Real Estate,Multi-Family Residential REITs,13916568576.0,167467269.60000002,large,False,sp500
ULTA,Ulta Beauty,Consumer Discretionary,Other Specialty Retail,19608715264.0,373383456.7,large,False,sp500
UAL,United Airlines Holdings,Industrials,Passenger Airlines,38403088384.0,682207089.5999999,large,False,sp500
UHS,Universal Health Services,Health Care,Health Care Facilities,8545916928.0,151904566.79999998,mid,False,sp500
VEEV,Veeva Systems,Health Care,Health Care Technology,24902557696.0,371977851.0,large,False,sp500
VTR,Ventas,Real Estate,Health Care REITs,39671447552.0,339372768.0,large,False,sp500
VLTO,Veralto,Industrials,Environmental & Facilities Services,20635248640.0,185711926.6,large,False,sp500
VRSN,Verisign,Information Technology,Internet Services & Infrastructure,24082241536.0,216261161.6,large,False,sp500
VRSK,Verisk Analytics,Industrials,Research & Consulting Services,22771595264.0,696439194.0,large,False,sp500
VTRS,Viatris,Health Care,Pharmaceuticals,17899175936.0,156399125.7,large,False,sp500
VICI,Vici Properties,Real Estate,Hotel & Resort REITs,28297783296.0,249548835.60000002,large,False,sp500
VMC,Vulcan Materials Company,Materials,Construction Materials,39294967808.0,407837656.4,large,False,sp500
WRB,W. R. Berkley Corporation,Financials,Property & Casualty Insurance,25009551360.0,143929791.0,large,False,sp500
WAB,Wabtec,Industrials,Construction Machinery & Heavy Transportation Equipment,46462746624.0,222837377.39999998,large,False,sp500
WAT,Waters Corporation,Health Care,Life Sciences Tools & Services,34899181568.0,312314464.8,large,False,sp500
WEC,WEC Energy Group,Utilities,Electric Utilities,36536647680.0,270551796.6,large,False,sp500
WST,West Pharmaceutical Services,Health Care,Health Care Supplies,23168878592.0,242620689.5,large,False,sp500
WY,Weyerhaeuser,Real Estate,Timber REITs,17535756288.0,138665100.8,large,False,sp500
WSM,"Williams-Sonoma, Inc.",Consumer Discretionary,Homefurnishing Retail,26719059968.0,316317403.2,large,False,sp500
WTW,Willis Towers Watson,Financials,Insurance Brokers,24103122944.0,193329312.0,large,False,sp500
WDAY,"Workday, Inc.",Information Technology,Application Software,28878608384.0,635998640.2,large,False,sp500
WYNN,Wynn Resorts,Consumer Discretionary,Casinos & Gaming,10952612864.0,165425662.1,large,False,sp500
XEL,Xcel Energy,Utilities,Multi-Utilities,48324710400.0,563115948.6,large,False,sp500
XYL,Xylem Inc.,Industrials,Industrial Machinery & Supplies & Components,26483808256.0,214150354.20000002,large,False,sp500
YUM,Yum! Brands,Consumer Discretionary,Restaurants,41891672064.0,369618401.40000004,large,False,sp500
ZBRA,Zebra Technologies,Information Technology,Electronic Equipment & Instruments,11240527872.0,227534275.79999998,large,False,sp500
ZBH,Zimmer Biomet,Health Care,Health Care Equipment,17018894336.0,196422055.1,large,False,sp500
ZTS,Zoetis,Health Care,Pharmaceuticals,32997445632.0,579020669.8,large,False,sp500
AAL,"American Airlines Group, Inc.",Industrials,Airlines,10575548416.0,2210709762.3,large,False,carvana_curated
ACB,Aurora Cannabis Inc.,Healthcare,Drug Manufacturers - Specialty & Generic,181490480.0,3946944.4000000004,micro,False,carvana_curated
ACHR,Archer Aviation Inc.,Industrials,Aerospace & Defense,4249157632.0,259132887.20000002,mid,False,carvana_curated
AFRM,"Affirm Holdings, Inc.",Financial Services,Credit Services,24755701760.0,340240454.40000004,large,False,carvana_curated
AG,First Majestic Silver Corp.,Basic Materials,Silver,8887852032.0,266491440.0,mid,False,carvana_curated
AI,"C3.ai, Inc.",Technology,Software - Infrastructure,1496499584.0,76631691.0,small,False,carvana_curated
ALT,"Altimmune, Inc.",Healthcare,Biotechnology,525080256.0,10515960.0,small,False,carvana_curated
AMC,"AMC Entertainment Holdings, Inc",Communication Services,Entertainment,2134305920.0,133385427.8,mid,False,carvana_curated
AMWL,American Well Corporation,Healthcare,Health Information Services,140852512.0,680385.2999999999,micro,False,carvana_curated
ARWR,"Arrowhead Pharmaceuticals, Inc.",Healthcare,Biotechnology,11524921344.0,138448440.2,large,False,carvana_curated
ASAN,"Asana, Inc.",Technology,Software - Application,1642554112.0,35389087.6,small,False,carvana_curated
ASTS,"AST SpaceMobile, Inc.",Technology,Communication Equipment,31306129408.0,2152092686.4,large,False,carvana_curated
BARK,"BARK, Inc.",Consumer Cyclical,Specialty Retail,88192872.0,1500788.9,micro,False,carvana_curated
BB,BlackBerry Limited,Technology,Software - Infrastructure,4911194624.0,283541657.6,mid,False,carvana_curated
BBAI,"BigBear.ai, Inc.",Technology,Information Technology Services,1877481856.0,127930219.2,small,False,carvana_curated
BBBY,"Bed Bath & Beyond, Inc.",,,441748160.0,16066267.6,small,False,carvana_curated
BBWI,"Bath & Body Works, Inc.",Consumer Cyclical,Specialty Retail,4144110592.0,115044508.0,mid,False,carvana_curated
BEAM,Beam Therapeutics Inc.,Healthcare,Biotechnology,3512296448.0,68591356.8,mid,False,carvana_curated
BEKE,KE Holdings Inc,Real Estate,Real Estate Services,16580372480.0,67025668.5,large,False,carvana_curated
BIDU,"Baidu, Inc.",Communication Services,Internet Content & Information,38026637312.0,265845747.20000002,large,False,carvana_curated
BILI,Bilibili Inc.,Communication Services,Internet Content & Information,7168816128.0,45362076.0,mid,False,carvana_curated
BILL,"BILL Holdings, Inc.",Technology,Software - Application,3233905920.0,93785373.89999999,mid,False,carvana_curated
BLNK,Blink Charging Co.,Industrials,Engineering & Construction,93393464.0,2221128.0,micro,False,carvana_curated
BMBL,Bumble Inc.,Communication Services,Internet Content & Information,448971680.0,10356744.0,small,False,carvana_curated
BTBT,"Bit Digital, Inc.",Financial Services,Capital Markets,757743296.0,62679712.199999996,small,False,carvana_curated
BURL,"Burlington Stores, Inc.",Consumer Cyclical,Apparel Retail,21170661376.0,235976193.5,large,False,carvana_curated
BYND,"Beyond Meat, Inc.",Consumer Defensive,Packaged Foods,366356928.0,25529186.772,small,False,carvana_curated
CAN,Canaan Inc.,Technology,Computer Hardware,244972736.0,4093343.912,micro,False,carvana_curated
CGC,Canopy Growth Corporation,Healthcare,Drug Manufacturers - Specialty & Generic,433708288.0,7622638.608,small,False,carvana_curated
CHPT,"ChargePoint Holdings, Inc.",Consumer Cyclical,Specialty Retail,202898928.0,5129929.2,micro,False,carvana_curated
CHWY,"Chewy, Inc.",Consumer Cyclical,Internet Retail,7455613952.0,220436420.4,mid,False,carvana_curated
CIFR,Cipher Digital Inc.,Technology,Information Technology Services,11936055296.0,709115727.4,large,False,carvana_curated
CLOV,"Clover Health Investments, Corp",Healthcare,Healthcare Plans,2633421568.0,53668900.0,mid,False,carvana_curated
CLSK,"CleanSpark, Inc.",Financial Services,Capital Markets,4423932416.0,376658140.79999995,mid,False,carvana_curated
COMP,"Compass, Inc.",Real Estate,Real Estate Services,7479002112.0,137770432.8,mid,False,carvana_curated
CRI,"Carter's, Inc.",Consumer Cyclical,Apparel Retail,1567603968.0,35169519.6,small,False,carvana_curated
CRLBF,Cresco Labs Inc.,Healthcare,Drug Manufacturers - Specialty & Generic,300104160.0,531611.1000000001,small,False,carvana_curated
CRON,Cronos Group Inc. Common Share,Healthcare,Drug Manufacturers - Specialty & Generic,1012624192.0,3158288.2,small,False,carvana_curated
CRSP,CRISPR Therapeutics AG,Healthcare,Biotechnology,5327006720.0,86195119.5,mid,False,carvana_curated
CTRA,Coterra Energy Inc.,Energy,Oil & Gas E&P,24724652032.0,427675176.72,large,False,carvana_curated
CURLF,"Curaleaf Holdings, Inc.",Healthcare,Drug Manufacturers - Specialty & Generic,2755962624.0,3119425.26,mid,False,carvana_curated
DKNG,DraftKings Inc.,Consumer Cyclical,Gambling,13092839424.0,400944853.40000004,large,False,carvana_curated
DKS,Dick's Sporting Goods Inc,Consumer Cyclical,Specialty Retail,20850511872.0,259750400.0,large,False,carvana_curated
DLO,DLocal Limited,Technology,Software - Infrastructure,3763702016.0,26900567.5,mid,False,carvana_curated
DNLI,Denali Therapeutics Inc.,Healthcare,Biotechnology,3699524096.0,48147038.099999994,mid,False,carvana_curated
DOCN,"DigitalOcean Holdings, Inc.",Technology,Software - Infrastructure,18083182592.0,483665878.0,large,False,carvana_curated
DOCS,"Doximity, Inc.",Healthcare,Health Information Services,3741561856.0,64381277.400000006,mid,False,carvana_curated
EDIT,"Editas Medicine, Inc.",Healthcare,Biotechnology,412812352.0,6077274.899999999,small,False,carvana_curated
EDU,New Oriental Education & Techno,Consumer Defensive,Education & Training Services,7505379840.0,20090625.200000003,mid,False,carvana_curated
ENPH,"Enphase Energy, Inc.",Technology,Solar,6890411008.0,411029019.6,mid,False,carvana_curated
EOSE,"Eos Energy Enterprises, Inc.",Industrials,Electrical Equipment & Parts,2597282304.0,197306887.5,mid,False,carvana_curated
ESTC,Elastic N.V.,Technology,Software - Application,6177194496.0,112121430.1,mid,False,carvana_curated
ETSY,"Etsy, Inc.",Consumer Cyclical,Internet Retail,7017575936.0,225364843.5,mid,False,carvana_curated
EVGO,EVgo Inc.,Consumer Cyclical,Specialty Retail,608887168.0,7501514.399999999,small,False,carvana_curated
EVTL,Vertical Aerospace Ltd.,Industrials,Aerospace & Defense,273755200.0,4860182.5,micro,False,carvana_curated
FIGS,"FIGS, Inc.",Consumer Cyclical,Apparel Manufacturing,2056351744.0,37271971.800000004,mid,False,carvana_curated
FINV,FinVolution Group,Financial Services,Credit Services,1102558976.0,3500725.4,small,False,carvana_curated
FIVE,"Five Below, Inc.",Consumer Cyclical,Specialty Retail,10730615808.0,283591521.6,large,False,carvana_curated
FLYW,Flywire Corporation - Voting,Technology,Software - Infrastructure,1956173440.0,35033572.0,small,False,carvana_curated
FNV,Franco-Nevada Corporation,Basic Materials,Gold,42285502464.0,298279111.4,large,False,carvana_curated
FOLD,"Amicus Therapeutics, Inc.",Healthcare,Biotechnology,4549870080.0,41842917.9,mid,False,carvana_curated
FOUR,"Shift4 Payments, Inc.",Technology,Software - Infrastructure,3905720320.0,81387398.0,mid,False,carvana_curated
FSLY,"Fastly, Inc.",Technology,Software - Application,2801349888.0,110048483.99999999,mid,False,carvana_curated
FUBO,fuboTV Inc.,Communication Services,Broadcasting,271396192.0,14129373.4,micro,False,carvana_curated
FUTU,Futu Holdings Limited,Financial Services,Capital Markets,13548395520.0,222889529.6,large,False,carvana_curated
GDRX,"GoodRx Holdings, Inc.",Healthcare,Health Information Services,900876480.0,3475529.4000000004,small,False,carvana_curated
GLBE,Global-E Online Ltd.,Consumer Cyclical,Internet Retail,5516049408.0,61488959.2,mid,False,carvana_curated
GLXY,Galaxy Digital Inc.,Financial Services,Capital Markets,13334583296.0,323982072.0,large,False,carvana_curated
GME,GameStop Corporation,Consumer Cyclical,Specialty Retail,9655836672.0,124898206.39999999,mid,False,carvana_curated
GOLD,"Gold.com, Inc.",Financial Services,Capital Markets,1225434752.0,16856482.5,small,False,carvana_curated
GOTU,Gaotu Techedu Inc.,Consumer Defensive,Education & Training Services,393448704.0,1423867.5,small,False,carvana_curated
GTBIF,Green Thumb Industries Inc.,Healthcare,Drug Manufacturers - Specialty & Generic,1675270784.0,5020695.0,small,False,carvana_curated
GTLB,GitLab Inc.,Technology,Software - Infrastructure,4485983744.0,153006848.0,mid,False,carvana_curated
HIMS,"Hims & Hers Health, Inc.",Healthcare,Drug Manufacturers - Specialty & Generic,8209804800.0,736993531.8,mid,False,carvana_curated
HIVE,HIVE Digital Technologies Ltd,Financial Services,Capital Markets,1139255296.0,110354064.6,small,False,carvana_curated
HUT,Hut 8 Corp.,Financial Services,Capital Markets,14011211776.0,499561891.2,large,False,carvana_curated
IBRX,"ImmunityBio, Inc.",Healthcare,Biotechnology,7708525568.0,83325577.60000001,mid,False,carvana_curated
ILMN,"Illumina, Inc.",Healthcare,Diagnostics & Research,24500006912.0,301924962.2,large,False,carvana_curated
INO,"Inovio Pharmaceuticals, Inc.",Healthcare,Biotechnology,91734664.0,1723500.1,micro,False,carvana_curated
IONS,"Ionis Pharmaceuticals, Inc.",Healthcare,Biotechnology,12249261056.0,141174140.4,large,False,carvana_curated
IREN,IREN LIMITED,Financial Services,Capital Markets,21428426752.0,2627482576.4,large,False,carvana_curated
JBLU,JetBlue Airways Corporation,Industrials,Airlines,2113067136.0,158115296.0,mid,False,carvana_curated
JD,"JD.com, Inc.",Consumer Cyclical,Internet Retail,37233283072.0,188401249.2,large,False,carvana_curated
JOBY,"Joby Aviation, Inc.",Industrials,Airports & Air Services,9836429312.0,358258800.0,mid,False,carvana_curated
KSS,Kohl's Corporation,Consumer Cyclical,Department Stores,1956149888.0,95977275.0,small,False,carvana_curated
LBRDA,Liberty Broadband Corporation,Communication Services,Telecom Services,4249661952.0,5397548.8,mid,False,carvana_curated
LCID,"Lucid Group, Inc.",Consumer Cyclical,Auto Manufacturers,2091776512.0,85772810.4,mid,False,carvana_curated
LI,Li Auto Inc.,Consumer Cyclical,Auto Manufacturers,13268132864.0,50670257.5,large,False,carvana_curated
LMND,"Lemonade, Inc.",Financial Services,Insurance - Property & Casualty,4520135168.0,91300851.2,mid,False,carvana_curated
LX,LexinFintech Holdings Ltd.,Financial Services,Credit Services,329576544.0,3099060.0,small,False,carvana_curated
LYFT,"Lyft, Inc.",Technology,Software - Application,5421866496.0,186806104.79999998,mid,False,carvana_curated
M,Macy's Inc,Consumer Cyclical,Department Stores,6349735936.0,175650123.4,mid,False,carvana_curated
MARA,"MARA Holdings, Inc.",Financial Services,Capital Markets,5421666304.0,529651629.0,mid,False,carvana_curated
MCRB,"Seres Therapeutics, Inc.",Healthcare,Biotechnology,64010804.0,796240.6000000001,micro,False,carvana_curated
MDB,"MongoDB, Inc.",Technology,Software - Infrastructure,26763724800.0,525718380.0,large,False,carvana_curated
MNDY,monday.com Ltd.,Technology,Software - Application,3687476224.0,110487383.9,mid,False,carvana_curated
MNPR,Monopar Therapeutics Inc.,Healthcare,Biotechnology,451985728.0,8347388.399999999,small,False,carvana_curated
MQ,"Marqeta, Inc.",Technology,Software - Infrastructure,1645237632.0,19170420.4,small,False,carvana_curated
MSTR,Strategy Inc,Technology,Software - Application,39954190336.0,2558369550.0,large,False,carvana_curated
MTCH,"Match Group, Inc.",Communication Services,Internet Content & Information,8269298688.0,116087760.50000001,mid,False,carvana_curated
MTDR,Matador Resources Company,Energy,Oil & Gas E&P,6154272768.0,80360548.8,mid,False,carvana_curated
MUR,Murphy Oil Corporation,Energy,Oil & Gas E&P,4915457024.0,65044358.1,mid,False,carvana_curated
MVIS,"Microvision, Inc.",Technology,Scientific & Technical Instruments,125520056.0,3354325.7040000004,micro,False,carvana_curated
MVST,"Microvast Holdings, Inc.",Consumer Cyclical,Auto Parts,429772992.0,5694563.100000001,small,False,carvana_curated
NIO,NIO Inc.,Consumer Cyclical,Auto Manufacturers,12578448384.0,150419681.6,large,False,carvana_curated
NTLA,"Intellia Therapeutics, Inc.",Healthcare,Biotechnology,2189447936.0,133178546.5,mid,False,carvana_curated
OCGN,"Ocugen, Inc.",Healthcare,Biotechnology,419767104.0,9206615.6,small,False,carvana_curated
OGI,Organigram Global Inc.,Healthcare,Drug Manufacturers - Specialty & Generic,135805664.0,686837.459,micro,False,carvana_curated
OKTA,"Okta, Inc.",Technology,Software - Infrastructure,20657563648.0,435095892.0,large,False,carvana_curated
OLLI,Ollie's Bargain Outlet Holdings,Consumer Defensive,Discount Stores,4649462784.0,176953758.9,mid,False,carvana_curated
OPEN,Opendoor Technologies Inc,Real Estate,Real Estate Services,4312372736.0,180037385.39999998,mid,False,carvana_curated
OPRT,Oportun Financial Corporation,Financial Services,Credit Services,236010880.0,2118489.6,micro,False,carvana_curated
OPRX,OptimizeRx Corporation,Healthcare,Health Information Services,93450080.0,1390764.6,micro,False,carvana_curated
OSCR,"Oscar Health, Inc.",Healthcare,Healthcare Plans,8562400768.0,219722564.0,mid,False,carvana_curated
PAAS,Pan American Silver Corp.,Basic Materials,Gold,20646150144.0,292883290.0,large,False,carvana_curated
PACB,Pacific Biosciences of Californ,Healthcare,Medical Devices,434842368.0,6715898.0,small,False,carvana_curated
PAGS,PagSeguro Digital Ltd.,Technology,Software - Infrastructure,2465360384.0,29047699.8,mid,False,carvana_curated
PATH,"UiPath, Inc.",Technology,Software - Infrastructure,5321095168.0,460971928.29999995,mid,False,carvana_curated
PD,"PagerDuty, Inc.",Technology,Software - Application,649986944.0,17967678.400000002,small,False,carvana_curated
PINS,"Pinterest, Inc.",Communication Services,Internet Content & Information,11354388480.0,442824906.4,large,False,carvana_curated
PLBY,"Playboy, Inc.",Consumer Cyclical,Leisure,170375008.0,754739.5,micro,False,carvana_curated
PLNT,"Planet Fitness, Inc.",Consumer Cyclical,Leisure,4208878336.0,108395490.6,mid,False,carvana_curated
PLUG,"Plug Power, Inc.",Industrials,Electrical Equipment & Parts,3975946752.0,160617706.5,mid,False,carvana_curated
PR,Permian Resources Corporation,Energy,Oil & Gas E&P,15878111232.0,224939255.79999998,large,False,carvana_curated
PRTA,Prothena Corporation plc,Healthcare,Biotechnology,467514400.0,5368983.899999999,small,False,carvana_curated
PSFE,Paysafe Limited,Technology,Software - Infrastructure,350365664.0,1833990.0,small,False,carvana_curated
PTON,"Peloton Interactive, Inc.",Consumer Cyclical,Leisure,2498363392.0,56946149.49999999,mid,False,carvana_curated
QFIN,"Qfin Holdings, Inc.",Financial Services,Credit Services,1851846272.0,24874890.3,small,False,carvana_curated
QS,QuantumScape Corporation,Consumer Cyclical,Auto Parts,4945766400.0,193210687.2,mid,False,carvana_curated
RARE,Ultragenyx Pharmaceutical Inc.,Healthcare,Biotechnology,2702544384.0,54977686.400000006,mid,False,carvana_curated
RBLX,Roblox Corporation,Communication Services,Electronic Gaming & Multimedia,36894384128.0,639202854.4,large,False,carvana_curated
REAL,"The RealReal, Inc.",Consumer Cyclical,Luxury Goods,1500072192.0,39891418.5,small,False,carvana_curated
REAX,"The Real Brokerage, Inc.",Real Estate,Real Estate Services,377714880.0,5701097.6,small,False,carvana_curated
RGEN,Repligen Corporation,Healthcare,Medical Instruments & Supplies,7446949888.0,131231840.60000001,mid,False,carvana_curated
RGNX,REGENXBIO Inc.,Healthcare,Biotechnology,403241440.0,14650974.0,small,False,carvana_curated
RH,RH,Consumer Cyclical,Specialty Retail,2799044352.0,173908010.6,mid,False,carvana_curated
RILY,"BRC Group Holdings, Inc.",Financial Services,Financial Conglomerates,361752256.0,6873660.0,small,False,carvana_curated
RIOT,"Riot Platforms, Inc.",Financial Services,Capital Markets,10626050048.0,399151508.0,large,False,carvana_curated
RIVN,"Rivian Automotive, Inc.",Consumer Cyclical,Auto Manufacturers,22184153088.0,488650531.59999996,large,False,carvana_curated
ROKU,"Roku, Inc.",Communication Services,Entertainment,20481603584.0,1484525878.6,large,False,carvana_curated
RRC,Range Resources Corporation,Energy,Oil & Gas E&P,8574293504.0,119535327.60000001,mid,False,carvana_curated
RUN,Sunrun Inc.,Technology,Solar,3225186304.0,115636965.6,mid,False,carvana_curated
RVLV,"Revolve Group, Inc.",Consumer Cyclical,Internet Retail,1559195392.0,23508577.3,small,False,carvana_curated
RXRX,"Recursion Pharmaceuticals, Inc.",Healthcare,Biotechnology,1714361984.0,64035783.6,small,False,carvana_curated
RYAAY,Ryanair Holdings plc,Industrials,Airlines,31867379712.0,55446083.6,large,False,carvana_curated
S,"SentinelOne, Inc.",Technology,Software - Infrastructure,5129061376.0,96908739.6,mid,False,carvana_curated
SEDG,"SolarEdge Technologies, Inc.",Technology,Solar,3530496512.0,168398406.0,mid,False,carvana_curated
SEMR,"SEMrush Holdings, Inc.",Technology,Software - Application,1814168832.0,17983800.0,small,False,carvana_curated
SHLS,"Shoals Technologies Group, Inc.",Technology,Solar,1748182400.0,60534052.2,small,False,carvana_curated
SIRI,SiriusXM Holdings Inc.,Communication Services,Entertainment,9435457536.0,234068158.9,mid,False,carvana_curated
SKLZ,Skillz Inc.,Communication Services,Electronic Gaming & Multimedia,137970800.0,1892467.2,micro,False,carvana_curated
SNAP,Snap Inc.,Communication Services,Internet Content & Information,7722370048.0,233494332.8,mid,False,carvana_curated
SNDL,SNDL Inc.,Consumer Defensive,Beverages - Wineries & Distilleries,369625984.0,4172826.1999999997,small,False,carvana_curated
SOFI,"SoFi Technologies, Inc.",Financial Services,Credit Services,22973894656.0,1490453364.6,large,False,carvana_curated
SOUN,"SoundHound AI, Inc.",Technology,Software - Application,3081319680.0,189881428.8,mid,False,carvana_curated
STKL,"SunOpta, Inc.",Consumer Defensive,Beverages - Non-Alcoholic,770973184.0,3377289.5,small,False,carvana_curated
STLA,Stellantis N.V.,Consumer Cyclical,Auto Manufacturers,18370199552.0,123916441.2,large,False,carvana_curated
STNE,StoneCo Ltd.,Technology,Software - Infrastructure,2575787008.0,43588545.9,mid,False,carvana_curated
TAL,TAL Education Group,Consumer Defensive,Education & Training Services,5097704448.0,34901782.0,mid,False,carvana_curated
TCNNF,Trulieve Cannabis Corporation,,,1942301312.0,22127069.9,small,False,carvana_curated
TCOM,Trip.com Group Limited,Consumer Cyclical,Travel Services,28399704064.0,134876511.0,large,False,carvana_curated
TDOC,"Teladoc Health, Inc.",Healthcare,Health Information Services,1456740608.0,31190146.5,small,False,carvana_curated
TEAM,Atlassian Corporation,Technology,Software - Application,20991676416.0,380227443.2,large,False,carvana_curated
TIGR,UP Fintech Holding Limited,Financial Services,Capital Markets,841680128.0,16102500.9,small,False,carvana_curated
TLRY,"Tilray Brands, Inc.",Healthcare,Drug Manufacturers - Specialty & Generic,571471104.0,19302042.1,small,False,carvana_curated
TWLO,Twilio Inc.,Technology,Software - Infrastructure,28255737856.0,465043351.49999994,large,False,carvana_curated
TWST,Twist Bioscience Corporation,Healthcare,Diagnostics & Research,5452475904.0,201856446.0,mid,False,carvana_curated
U,Unity Software Inc.,Technology,Software - Application,11995981824.0,242652522.0,large,False,carvana_curated
UA,"Under Armour, Inc.",Consumer Cyclical,Apparel Manufacturing,2502526976.0,15316544.040000001,mid,False,carvana_curated
UAA,"Under Armour, Inc.",Consumer Cyclical,Apparel Manufacturing,2583528960.0,40227916.199999996,mid,False,carvana_curated
UPST,"Upstart Holdings, Inc.",Financial Services,Credit Services,3103926272.0,159320806.8,mid,False,carvana_curated
VFC,V.F. Corporation,Consumer Cyclical,Apparel Manufacturing,6799374336.0,141000692.6,mid,False,carvana_curated
VFF,"Village Farms International, In",Consumer Defensive,Farm Products,232659248.0,2924763.9,micro,False,carvana_curated
VIPS,Vipshop Holdings Limited,Consumer Cyclical,Internet Retail,6402006016.0,35356891.9,mid,False,carvana_curated
VKTX,"Viking Therapeutics, Inc.",Healthcare,Biotechnology,3527289344.0,65332493.8,mid,False,carvana_curated
W,Wayfair Inc.,Consumer Cyclical,Internet Retail,11684329472.0,353184177.59999996,large,False,carvana_curated
WULF,TeraWulf Inc.,Financial Services,Capital Markets,14360536064.0,806665255.2,large,False,carvana_curated
XPEV,XPeng Inc.,Consumer Cyclical,Auto Manufacturers,12625467392.0,97298387.10000001,large,False,carvana_curated
XPOF,"Xponential Fitness, Inc.",Consumer Cyclical,Leisure,335389344.0,3488764.0,small,False,carvana_curated
YMM,Full Truck Alliance Co. Ltd.,Technology,Software - Application,8157975040.0,55966950.0,mid,False,carvana_curated
Z,"Zillow Group, Inc.",Communication Services,Internet Content & Information,7346826240.0,176799265.5,mid,False,carvana_curated
ZM,"Zoom Communications, Inc.",Technology,Software - Application,25323534336.0,381797560.0,large,False,carvana_curated
ZS,"Zscaler, Inc.",Technology,Software - Infrastructure,20189433856.0,653642187.0,large,False,carvana_curated
BTC-USD,BTC,Cryptocurrency,,,,crypto,True,crypto
ETH-USD,ETH,Cryptocurrency,,,,crypto,True,crypto
BNB-USD,BNB,Cryptocurrency,,,,crypto,True,crypto
SOL-USD,SOL,Cryptocurrency,,,,crypto,True,crypto
XRP-USD,XRP,Cryptocurrency,,,,crypto,True,crypto
ADA-USD,ADA,Cryptocurrency,,,,crypto,True,crypto
AVAX-USD,AVAX,Cryptocurrency,,,,crypto,True,crypto
DOGE-USD,DOGE,Cryptocurrency,,,,crypto,True,crypto
DOT-USD,DOT,Cryptocurrency,,,,crypto,True,crypto
TRX-USD,TRX,Cryptocurrency,,,,crypto,True,crypto
LINK-USD,LINK,Cryptocurrency,,,,crypto,True,crypto
MATIC-USD,MATIC,Cryptocurrency,,,,crypto,True,crypto
TON-USD,TON,Cryptocurrency,,,,crypto,True,crypto
SHIB-USD,SHIB,Cryptocurrency,,,,crypto,True,crypto
LTC-USD,LTC,Cryptocurrency,,,,crypto,True,crypto
BCH-USD,BCH,Cryptocurrency,,,,crypto,True,crypto
ATOM-USD,ATOM,Cryptocurrency,,,,crypto,True,crypto
UNI-USD,UNI,Cryptocurrency,,,,crypto,True,crypto
ETC-USD,ETC,Cryptocurrency,,,,crypto,True,crypto
XLM-USD,XLM,Cryptocurrency,,,,crypto,True,crypto
NEAR-USD,NEAR,Cryptocurrency,,,,crypto,True,crypto
ALGO-USD,ALGO,Cryptocurrency,,,,crypto,True,crypto
FIL-USD,FIL,Cryptocurrency,,,,crypto,True,crypto
VET-USD,VET,Cryptocurrency,,,,crypto,True,crypto
ICP-USD,ICP,Cryptocurrency,,,,crypto,True,crypto
AAVE-USD,AAVE,Cryptocurrency,,,,crypto,True,crypto
MKR-USD,MKR,Cryptocurrency,,,,crypto,True,crypto
GRT-USD,GRT,Cryptocurrency,,,,crypto,True,crypto
SAND-USD,SAND,Cryptocurrency,,,,crypto,True,crypto
MANA-USD,MANA,Cryptocurrency,,,,crypto,True,crypto
APE-USD,APE,Cryptocurrency,,,,crypto,True,crypto
AXS-USD,AXS,Cryptocurrency,,,,crypto,True,crypto
EGLD-USD,EGLD,Cryptocurrency,,,,crypto,True,crypto
FLOW-USD,FLOW,Cryptocurrency,,,,crypto,True,crypto
HBAR-USD,HBAR,Cryptocurrency,,,,crypto,True,crypto
XTZ-USD,XTZ,Cryptocurrency,,,,crypto,True,crypto
THETA-USD,THETA,Cryptocurrency,,,,crypto,True,crypto
EOS-USD,EOS,Cryptocurrency,,,,crypto,True,crypto
KAVA-USD,KAVA,Cryptocurrency,,,,crypto,True,crypto
FTM-USD,FTM,Cryptocurrency,,,,crypto,True,crypto
INJ-USD,INJ,Cryptocurrency,,,,crypto,True,crypto
RUNE-USD,RUNE,Cryptocurrency,,,,crypto,True,crypto
RNDR-USD,RNDR,Cryptocurrency,,,,crypto,True,crypto
OP-USD,OP,Cryptocurrency,,,,crypto,True,crypto
ARB-USD,ARB,Cryptocurrency,,,,crypto,True,crypto
SUI-USD,SUI,Cryptocurrency,,,,crypto,True,crypto
SEI-USD,SEI,Cryptocurrency,,,,crypto,True,crypto
TIA-USD,TIA,Cryptocurrency,,,,crypto,True,crypto
PEPE-USD,PEPE,Cryptocurrency,,,,crypto,True,crypto
WLD-USD,WLD,Cryptocurrency,,,,crypto,True,crypto
